Indicator ID,Indicator Name,Parent Code,Parent Name,Area Code,AreaName,Area Type,Sex,Age,Category Type,Category,Time period,Value,Lower CI 95.0 limit,Upper CI 95.0 limit,Lower CI 99.8 limit,Upper CI 99.8 limit,Count,Denominator,Value note,Recent Trend,Compared to England value or percentiles,Compared to parent value or percentiles,Time period Sortable,New data,Compared to goal,Time period range
93927,"VI004 - Patients, aged 80, who received a shingles vaccine between the ages of 70 and 79 yrs",E92000001,England,E38000086,NHS Ipswich And East Suffolk CCG,CCGs (2021/22),Persons,80 yrs,,,2021/22,67.9877,66.275,69.6533,65.2682,70.5902,1990,2927,Aggregated from all known lower geography values,Cannot be calculated,Higher,,20210000,,,1y
93927,"VI004 - Patients, aged 80, who received a shingles vaccine between the ages of 70 and 79 yrs",E92000001,England,E38000079,NHS Herts Valleys CCG,CCGs (2021/22),Persons,80 yrs,,,2021/22,66.8108,65.1072,68.4715,64.1076,69.4076,2009,3007,Aggregated from all known lower geography values,Cannot be calculated,Higher,,20210000,,,1y
93927,"VI004 - Patients, aged 80, who received a shingles vaccine between the ages of 70 and 79 yrs",E92000001,England,E38000137,NHS Portsmouth CCG,CCGs (2021/22),Persons,80 yrs,,,2021/22,64.4779,61.3466,67.49,59.5009,69.1603,599,929,Aggregated from all known lower geography values,Cannot be calculated,Higher,,20210000,,,1y
93927,"VI004 - Patients, aged 80, who received a shingles vaccine between the ages of 70 and 79 yrs",E92000001,England,E38000241,NHS North Yorkshire CCG,CCGs (2021/22),Persons,80 yrs,,,2021/22,64.1846,62.5204,65.8154,61.5476,66.7385,2086,3250,Aggregated from all known lower geography values,Cannot be calculated,Higher,,20210000,,,1y
93927,"VI004 - Patients, aged 80, who received a shingles vaccine between the ages of 70 and 79 yrs",E92000001,England,E38000080,"NHS Heywood, Middleton And Rochdale CCG",CCGs (2021/22),Persons,80 yrs,,,2021/22,63.4633,60.5794,66.2538,58.885,67.8105,700,1103,Aggregated from all known lower geography values,Cannot be calculated,Higher,,20210000,,,1y
93927,"VI004 - Patients, aged 80, who received a shingles vaccine between the ages of 70 and 79 yrs",E92000001,England,E38000150,NHS Somerset CCG,CCGs (2021/22),Persons,80 yrs,,,2021/22,63.0664,61.653,64.4578,60.8292,65.2489,2867,4546,Aggregated from all known lower geography values,Cannot be calculated,Higher,,20210000,,,1y
93927,"VI004 - Patients, aged 80, who received a shingles vaccine between the ages of 70 and 79 yrs",E92000001,England,E38000229,NHS Derby and Derbyshire CCG,CCGs (2021/22),Persons,80 yrs,,,2021/22,62.5229,61.3434,63.6877,60.6573,64.352,4094,6548,Aggregated from all known lower geography values,Cannot be calculated,Higher,,20210000,,,1y
93927,"VI004 - Patients, aged 80, who received a shingles vaccine between the ages of 70 and 79 yrs",E92000001,England,E38000249,"NHS Bedfordshire, Luton and Milton Keynes CCG",CCGs (2021/22),Persons,80 yrs,,,2021/22,62.2744,60.8373,63.6902,60.0003,64.4956,2760,4432,Aggregated from all known lower geography values,Cannot be calculated,Higher,,20210000,,,1y
93927,"VI004 - Patients, aged 80, who received a shingles vaccine between the ages of 70 and 79 yrs",E92000001,England,E38000225,NHS Leeds CCG,CCGs (2021/22),Persons,80 yrs,,,2021/22,62.1025,60.5496,63.631,59.6447,64.4997,2363,3805,Aggregated from all known lower geography values,Cannot be calculated,Higher,,20210000,,,1y
93927,"VI004 - Patients, aged 80, who received a shingles vaccine between the ages of 70 and 79 yrs",E92000001,England,E38000062,NHS Gloucestershire CCG,CCGs (2021/22),Persons,80 yrs,,,2021/22,62.0896,60.6636,63.495,59.8333,64.2948,2799,4508,Aggregated from all known lower geography values,Cannot be calculated,Higher,,20210000,,,1y
93927,"VI004 - Patients, aged 80, who received a shingles vaccine between the ages of 70 and 79 yrs",E92000001,England,E38000025,NHS Calderdale CCG,CCGs (2021/22),Persons,80 yrs,,,2021/22,61.8399,59.0267,64.5758,57.3798,66.1089,726,1174,Aggregated from all known lower geography values,Cannot be calculated,Higher,,20210000,,,1y
93927,"VI004 - Patients, aged 80, who received a shingles vaccine between the ages of 70 and 79 yrs",E92000001,England,E38000223,NHS Buckinghamshire CCG,CCGs (2021/22),Persons,80 yrs,,,2021/22,61.7601,60.0704,63.4219,59.0855,64.3654,1993,3227,Aggregated from all known lower geography values,Cannot be calculated,Higher,,20210000,,,1y
93927,"VI004 - Patients, aged 80, who received a shingles vaccine between the ages of 70 and 79 yrs",E92000001,England,E38000127,NHS North Tyneside CCG,CCGs (2021/22),Persons,80 yrs,,,2021/22,61.3828,58.5794,64.1127,56.9396,65.6441,728,1186,Aggregated from all known lower geography values,Cannot be calculated,Higher,,20210000,,,1y
93927,"VI004 - Patients, aged 80, who received a shingles vaccine between the ages of 70 and 79 yrs",E92000001,England,E38000126,NHS North Staffordshire CCG,CCGs (2021/22),Persons,80 yrs,,,2021/22,61.2374,58.8136,63.6067,57.3979,64.9422,970,1584,Aggregated from all known lower geography values,Cannot be calculated,Higher,,20210000,,,1y
93927,"VI004 - Patients, aged 80, who received a shingles vaccine between the ages of 70 and 79 yrs",E92000001,England,E38000231,"NHS Bath and North East Somerset, Swindon and Wiltshire CCG",CCGs (2021/22),Persons,80 yrs,,,2021/22,61.0687,59.8309,62.2924,59.1116,62.9908,3680,6026,Aggregated from all known lower geography values,Cannot be calculated,Higher,,20210000,,,1y
93927,"VI004 - Patients, aged 80, who received a shingles vaccine between the ages of 70 and 79 yrs",E92000001,England,E38000045,NHS Dorset CCG,CCGs (2021/22),Persons,80 yrs,,,2021/22,61.0062,59.7799,62.2187,59.0673,62.9109,3747,6142,Aggregated from all known lower geography values,Cannot be calculated,Higher,,20210000,,,1y
93927,"VI004 - Patients, aged 80, who received a shingles vaccine between the ages of 70 and 79 yrs",E92000001,England,E38000254,NHS Kirklees CCG,CCGs (2021/22),Persons,80 yrs,,,2021/22,60.8885,58.8758,62.8648,57.7024,63.9844,1398,2296,Aggregated from all known lower geography values,Cannot be calculated,Higher,,20210000,,,1y
93927,"VI004 - Patients, aged 80, who received a shingles vaccine between the ages of 70 and 79 yrs",E92000001,England,E38000252,NHS Frimley CCG,CCGs (2021/22),Persons,80 yrs,,,2021/22,60.5166,58.9513,62.0606,58.0408,62.9396,2296,3794,Aggregated from all known lower geography values,Cannot be calculated,Higher,,20210000,,,1y
93927,"VI004 - Patients, aged 80, who received a shingles vaccine between the ages of 70 and 79 yrs",E92000001,England,E38000253,"NHS Hampshire, Southampton and Isle of Wight CCG",CCGs (2021/22),Persons,80 yrs,,,2021/22,60.4291,59.5059,61.345,58.9705,61.8695,6562,10859,Aggregated from all known lower geography values,Cannot be calculated,Higher,,20210000,,,1y
93927,"VI004 - Patients, aged 80, who received a shingles vaccine between the ages of 70 and 79 yrs",E92000001,England,E38000222,"NHS Bristol, North Somerset and South Gloucestershire CCG",CCGs (2021/22),Persons,80 yrs,,,2021/22,60.3878,59.059,61.7013,58.287,62.4509,3177,5261,Aggregated from all known lower geography values,Cannot be calculated,Higher,,20210000,,,1y
93927,"VI004 - Patients, aged 80, who received a shingles vaccine between the ages of 70 and 79 yrs",E92000001,England,E38000130,NHS Northumberland CCG,CCGs (2021/22),Persons,80 yrs,,,2021/22,60.11,58.1212,62.066,56.9631,63.1755,1421,2364,Aggregated from all known lower geography values,Cannot be calculated,Higher,,20210000,,,1y
93927,"VI004 - Patients, aged 80, who received a shingles vaccine between the ages of 70 and 79 yrs",E92000001,England,E38000204,NHS West Suffolk CCG,CCGs (2021/22),Persons,80 yrs,,,2021/22,60.0517,57.8515,62.212,56.5696,63.435,1162,1935,Aggregated from all known lower geography values,Cannot be calculated,Higher,,20210000,,,1y
93927,"VI004 - Patients, aged 80, who received a shingles vaccine between the ages of 70 and 79 yrs",E92000001,England,E38000136,NHS Oxfordshire CCG,CCGs (2021/22),Persons,80 yrs,,,2021/22,59.9756,58.4682,61.4644,57.592,62.313,2462,4105,Aggregated from all known lower geography values,Cannot be calculated,Higher,,20210000,,,1y
93927,"VI004 - Patients, aged 80, who received a shingles vaccine between the ages of 70 and 79 yrs",E92000001,England,E38000247,NHS Tees Valley CCG,CCGs (2021/22),Persons,80 yrs,,,2021/22,59.7549,58.2417,61.2498,57.3623,62.102,2438,4080,Aggregated from all known lower geography values,Cannot be calculated,Higher,,20210000,,,1y
93927,"VI004 - Patients, aged 80, who received a shingles vaccine between the ages of 70 and 79 yrs",E92000001,England,E38000201,NHS West Leicestershire CCG,CCGs (2021/22),Persons,80 yrs,,,2021/22,59.6484,57.6177,61.6464,56.4359,62.7802,1357,2275,Aggregated from all known lower geography values,Cannot be calculated,Similar,,20210000,,,1y
93927,"VI004 - Patients, aged 80, who received a shingles vaccine between the ages of 70 and 79 yrs",E92000001,England,E38000008,NHS Bassetlaw CCG,CCGs (2021/22),Persons,80 yrs,,,2021/22,59.6354,56.1259,63.0491,54.0785,64.9556,458,768,Aggregated from all known lower geography values,Cannot be calculated,Similar,,20210000,,,1y
93927,"VI004 - Patients, aged 80, who received a shingles vaccine between the ages of 70 and 79 yrs",E92000001,England,E38000170,NHS Southport And Formby CCG,CCGs (2021/22),Persons,80 yrs,,,2021/22,59.4162,56.434,62.3305,54.6958,63.9687,631,1062,Aggregated from all known lower geography values,Cannot be calculated,Similar,,20210000,,,1y
93927,"VI004 - Patients, aged 80, who received a shingles vaccine between the ages of 70 and 79 yrs",E92000001,England,E38000163,NHS South Tyneside CCG,CCGs (2021/22),Persons,80 yrs,,,2021/22,59.2723,55.9387,62.5227,53.9957,64.3433,505,852,Aggregated from all known lower geography values,Cannot be calculated,Similar,,20210000,,,1y
93927,"VI004 - Patients, aged 80, who received a shingles vaccine between the ages of 70 and 79 yrs",E92000001,England,E38000246,NHS Surrey Heartlands CCG,CCGs (2021/22),Persons,80 yrs,,,2021/22,59.2339,57.9989,60.4574,57.2823,61.1568,3634,6135,Aggregated from all known lower geography values,Cannot be calculated,Higher,,20210000,,,1y
93927,"VI004 - Patients, aged 80, who received a shingles vaccine between the ages of 70 and 79 yrs",E92000001,England,E38000049,NHS East And North Hertfordshire CCG,CCGs (2021/22),Persons,80 yrs,,,2021/22,59.0984,57.34,60.8338,56.318,61.8217,1796,3039,Aggregated from all known lower geography values,Cannot be calculated,Similar,,20210000,,,1y
93927,"VI004 - Patients, aged 80, who received a shingles vaccine between the ages of 70 and 79 yrs",E92000001,England,E38000248,NHS West Sussex CCG,CCGs (2021/22),Persons,80 yrs,,,2021/22,59.0843,57.8577,60.2998,57.1461,60.9948,3678,6225,Aggregated from all known lower geography values,Cannot be calculated,Higher,,20210000,,,1y
93927,"VI004 - Patients, aged 80, who received a shingles vaccine between the ages of 70 and 79 yrs",E92000001,England,E38000188,NHS Vale Of York CCG,CCGs (2021/22),Persons,80 yrs,,,2021/22,58.9302,56.8893,60.9407,55.7026,62.0826,1333,2262,Aggregated from all known lower geography values,Cannot be calculated,Similar,,20210000,,,1y
93927,"VI004 - Patients, aged 80, who received a shingles vaccine between the ages of 70 and 79 yrs",E92000001,England,E38000053,NHS East Staffordshire CCG,CCGs (2021/22),Persons,80 yrs,,,2021/22,58.6475,55.4036,61.818,53.5155,63.5982,529,902,Aggregated from all known lower geography values,Cannot be calculated,Similar,,20210000,,,1y
93927,"VI004 - Patients, aged 80, who received a shingles vaccine between the ages of 70 and 79 yrs",E92000001,England,E38000174,NHS Stockport CCG,CCGs (2021/22),Persons,80 yrs,,,2021/22,58.6039,56.3427,60.8294,55.0278,62.0915,1083,1848,Aggregated from all known lower geography values,Cannot be calculated,Similar,,20210000,,,1y
93927,"VI004 - Patients, aged 80, who received a shingles vaccine between the ages of 70 and 79 yrs",E92000001,England,E38000243,NHS Nottingham and Nottinghamshire CCG,CCGs (2021/22),Persons,80 yrs,,,2021/22,58.567,57.2915,59.831,56.5518,60.5539,3384,5778,Aggregated from all known lower geography values,Cannot be calculated,Similar,,20210000,,,1y
93927,"VI004 - Patients, aged 80, who received a shingles vaccine between the ages of 70 and 79 yrs",E92000001,England,E38000051,NHS East Leicestershire And Rutland CCG,CCGs (2021/22),Persons,80 yrs,,,2021/22,58.567,56.5173,60.5875,55.326,61.7355,1316,2247,Aggregated from all known lower geography values,Cannot be calculated,Similar,,20210000,,,1y
93927,"VI004 - Patients, aged 80, who received a shingles vaccine between the ages of 70 and 79 yrs",E92000001,England,E38000236,NHS Herefordshire and Worcestershire CCG,CCGs (2021/22),Persons,80 yrs,,,2021/22,58.405,57.1333,59.6655,56.3959,60.3865,3398,5818,Aggregated from all known lower geography values,Cannot be calculated,Similar,,20210000,,,1y
93927,"VI004 - Patients, aged 80, who received a shingles vaccine between the ages of 70 and 79 yrs",E92000001,England,E38000230,NHS Devon CCG,CCGs (2021/22),Persons,80 yrs,,,2021/22,58.0377,57.0303,59.0385,56.4468,59.6122,5383,9275,Aggregated from all known lower geography values,Cannot be calculated,Similar,,20210000,,,1y
93927,"VI004 - Patients, aged 80, who received a shingles vaccine between the ages of 70 and 79 yrs",E92000001,England,E38000089,NHS Kernow CCG,CCGs (2021/22),Persons,80 yrs,,,2021/22,58.0309,56.5676,59.4801,55.7189,60.3081,2558,4408,Aggregated from all known lower geography values,Cannot be calculated,Similar,,20210000,,,1y
93927,"VI004 - Patients, aged 80, who received a shingles vaccine between the ages of 70 and 79 yrs",E92000001,England,E38000235,NHS East Sussex CCG,CCGs (2021/22),Persons,80 yrs,,,2021/22,58.0191,56.5548,59.4694,55.7055,60.298,2554,4402,Aggregated from all known lower geography values,Cannot be calculated,Similar,,20210000,,,1y
93927,"VI004 - Patients, aged 80, who received a shingles vaccine between the ages of 70 and 79 yrs",E92000001,England,E38000208,NHS Wirral CCG,CCGs (2021/22),Persons,80 yrs,,,2021/22,57.9578,55.8268,60.0596,54.5891,61.254,1209,2086,Aggregated from all known lower geography values,Cannot be calculated,Similar,,20210000,,,1y
93927,"VI004 - Patients, aged 80, who received a shingles vaccine between the ages of 70 and 79 yrs",E92000001,England,E38000233,NHS Cheshire CCG,CCGs (2021/22),Persons,80 yrs,,,2021/22,57.7136,56.3697,59.0462,55.5907,59.8085,3019,5231,Aggregated from all known lower geography values,Cannot be calculated,Similar,,20210000,,,1y
93927,"VI004 - Patients, aged 80, who received a shingles vaccine between the ages of 70 and 79 yrs",E92000001,England,E38000228,NHS Morecambe Bay CCG,CCGs (2021/22),Persons,80 yrs,,,2021/22,57.7127,55.7487,59.6525,54.6088,60.7568,1418,2457,Aggregated from all known lower geography values,Cannot be calculated,Similar,,20210000,,,1y
93927,"VI004 - Patients, aged 80, who received a shingles vaccine between the ages of 70 and 79 yrs",E92000001,England,E38000234,NHS County Durham CCG,CCGs (2021/22),Persons,80 yrs,,,2021/22,57.4354,55.7583,59.0956,54.7856,60.0432,1935,3369,Aggregated from all known lower geography values,Cannot be calculated,Similar,,20210000,,,1y
93927,"VI004 - Patients, aged 80, who received a shingles vaccine between the ages of 70 and 79 yrs",E92000001,England,E38000026,NHS Cambridgeshire and Peterborough CCG,CCGs (2021/22),Persons,80 yrs,,,2021/22,57.2338,55.8161,58.6396,54.9946,59.4437,2698,4714,Aggregated from all known lower geography values,Cannot be calculated,Similar,,20210000,,,1y
93927,"VI004 - Patients, aged 80, who received a shingles vaccine between the ages of 70 and 79 yrs",E92000001,England,E38000237,NHS Kent and Medway CCG,CCGs (2021/22),Persons,80 yrs,,,2021/22,57.1253,56.215,58.0309,55.6882,58.5505,6518,11410,Aggregated from all known lower geography values,Cannot be calculated,Similar,,20210000,,,1y
93927,"VI004 - Patients, aged 80, who received a shingles vaccine between the ages of 70 and 79 yrs",E92000001,England,E38000212,NHS Newcastle And Gateshead CCG,CCGs (2021/22),Persons,80 yrs,,,2021/22,57.065,55.0687,59.0386,53.9108,60.1628,1361,2385,Aggregated from all known lower geography values,Cannot be calculated,Similar,,20210000,,,1y
93927,"VI004 - Patients, aged 80, who received a shingles vaccine between the ages of 70 and 79 yrs",E92000001,England,E38000238,NHS Lincolnshire CCG,CCGs (2021/22),Persons,80 yrs,,,2021/22,56.7467,55.4801,58.0046,54.7466,58.7251,3356,5914,Aggregated from all known lower geography values,Cannot be calculated,Similar,,20210000,,,1y
93927,"VI004 - Patients, aged 80, who received a shingles vaccine between the ages of 70 and 79 yrs",E92000001,England,E38000239,NHS Norfolk & Waveney CCG,CCGs (2021/22),Persons,80 yrs,,,2021/22,56.6679,55.5892,57.7403,54.9649,58.3552,4619,8151,Aggregated from all known lower geography values,Cannot be calculated,Similar,,20210000,,,1y
93927,"VI004 - Patients, aged 80, who received a shingles vaccine between the ages of 70 and 79 yrs",E92000001,England,E38000034,NHS Chorley And South Ribble CCG,CCGs (2021/22),Persons,80 yrs,,,2021/22,56.5911,53.7595,59.3803,52.1179,60.9594,674,1191,Aggregated from all known lower geography values,Cannot be calculated,Similar,,20210000,,,1y
93927,"VI004 - Patients, aged 80, who received a shingles vaccine between the ages of 70 and 79 yrs",E92000001,England,E38000221,NHS Berkshire West CCG,CCGs (2021/22),Persons,80 yrs,,,2021/22,56.5819,54.6952,58.4498,53.6017,59.5153,1513,2674,Aggregated from all known lower geography values,Cannot be calculated,Similar,,20210000,,,1y
93927,"VI004 - Patients, aged 80, who received a shingles vaccine between the ages of 70 and 79 yrs",E92000001,England,E38000006,NHS Barnsley CCG,CCGs (2021/22),Persons,80 yrs,,,2021/22,56.5684,54.0396,59.0634,52.5735,60.4797,844,1492,Aggregated from all known lower geography values,Cannot be calculated,Similar,,20210000,,,1y
93927,"VI004 - Patients, aged 80, who received a shingles vaccine between the ages of 70 and 79 yrs",E92000001,England,E38000117,NHS North East Essex CCG,CCGs (2021/22),Persons,80 yrs,,,2021/22,56.4184,54.4756,58.3417,53.3498,59.4386,1424,2524,Aggregated from all known lower geography values,Cannot be calculated,Similar,,20210000,,,1y
93927,"VI004 - Patients, aged 80, who received a shingles vaccine between the ages of 70 and 79 yrs",E92000001,England,E38000052,NHS East Riding Of Yorkshire CCG,CCGs (2021/22),Persons,80 yrs,,,2021/22,56.2917,54.2987,58.2645,53.144,59.3895,1351,2400,Aggregated from all known lower geography values,Cannot be calculated,Similar,,20210000,,,1y
93927,"VI004 - Patients, aged 80, who received a shingles vaccine between the ages of 70 and 79 yrs",E92000001,England,E38000232,NHS Bradford District and Craven CCG,CCGs (2021/22),Persons,80 yrs,,,2021/22,56.2818,54.4217,58.1244,53.3441,59.176,1550,2754,Aggregated from all known lower geography values,Cannot be calculated,Similar,,20210000,,,1y
93927,"VI004 - Patients, aged 80, who received a shingles vaccine between the ages of 70 and 79 yrs",E92000001,England,E38000085,NHS Hull CCG,CCGs (2021/22),Persons,80 yrs,,,2021/22,56.2802,53.5063,59.0153,51.8991,60.5655,699,1242,Aggregated from all known lower geography values,Cannot be calculated,Similar,,20210000,,,1y
93927,"VI004 - Patients, aged 80, who received a shingles vaccine between the ages of 70 and 79 yrs",E92000001,England,E38000197,NHS West Essex CCG,CCGs (2021/22),Persons,80 yrs,,,2021/22,56.2613,53.8582,58.6355,52.4656,59.9852,930,1653,Aggregated from all known lower geography values,Cannot be calculated,Similar,,20210000,,,1y
93927,"VI004 - Patients, aged 80, who received a shingles vaccine between the ages of 70 and 79 yrs",E92000001,England,E38000251,NHS Coventry and Warwickshire CCG,CCGs (2021/22),Persons,80 yrs,,,2021/22,55.8962,54.5818,57.2024,53.8211,57.9509,3081,5512,Aggregated from all known lower geography values,Cannot be calculated,Similar,,20210000,,,1y
93927,"VI004 - Patients, aged 80, who received a shingles vaccine between the ages of 70 and 79 yrs",E92000001,England,E38000175,NHS Stoke On Trent CCG,CCGs (2021/22),Persons,80 yrs,,,2021/22,55.6338,53.1592,58.0808,51.7266,59.4725,869,1562,Aggregated from all known lower geography values,Cannot be calculated,Similar,,20210000,,,1y
93927,"VI004 - Patients, aged 80, who received a shingles vaccine between the ages of 70 and 79 yrs",E92000001,England,E38000185,NHS Thurrock CCG,CCGs (2021/22),Persons,80 yrs,,,2021/22,55.6196,51.9023,59.275,49.7545,61.3322,386,694,Aggregated from all known lower geography values,Cannot be calculated,Similar,,20210000,,,1y
93927,"VI004 - Patients, aged 80, who received a shingles vaccine between the ages of 70 and 79 yrs",E92000001,England,E38000256,NHS North West London CCG,CCGs (2021/22),Persons,80 yrs,,,2021/22,55.2098,54.1373,56.2775,53.5172,56.8905,4578,8292,Aggregated from all known lower geography values,Cannot be calculated,Similar,,20210000,,,1y
93927,"VI004 - Patients, aged 80, who received a shingles vaccine between the ages of 70 and 79 yrs",E92000001,England,E38000257,"NHS Shropshire, Telford and Wrekin CCG",CCGs (2021/22),Persons,80 yrs,,,2021/22,55.0908,53.4691,56.7018,52.531,57.624,2002,3634,Aggregated from all known lower geography values,Cannot be calculated,Similar,,20210000,,,1y
93927,"VI004 - Patients, aged 80, who received a shingles vaccine between the ages of 70 and 79 yrs",E92000001,England,E38000153,NHS South East Staffordshire And Seisdon Peninsula CCG,CCGs (2021/22),Persons,80 yrs,,,2021/22,54.7893,52.3155,57.2396,50.8854,58.6351,858,1566,Aggregated from all known lower geography values,Cannot be calculated,Similar,,20210000,,,1y
93927,"VI004 - Patients, aged 80, who received a shingles vaccine between the ages of 70 and 79 yrs",E92000001,England,E38000007,NHS Basildon And Brentwood CCG,CCGs (2021/22),Persons,80 yrs,,,2021/22,54.6667,52.0729,57.2354,50.5738,58.6974,779,1425,Aggregated from all known lower geography values,Cannot be calculated,Similar,,20210000,,,1y
93927,"VI004 - Patients, aged 80, who received a shingles vaccine between the ages of 70 and 79 yrs",E92000001,England,E38000245,NHS South West London CCG,CCGs (2021/22),Persons,80 yrs,,,2021/22,54.5007,53.2262,55.7693,52.4896,56.4972,3209,5888,Aggregated from all known lower geography values,Cannot be calculated,Lower,,20210000,,,1y
93927,"VI004 - Patients, aged 80, who received a shingles vaccine between the ages of 70 and 79 yrs",E92000001,England,E38000227,NHS Greater Preston CCG,CCGs (2021/22),Persons,80 yrs,,,2021/22,54.4755,51.4365,57.4815,49.682,59.1873,566,1039,Aggregated from all known lower geography values,Cannot be calculated,Similar,,20210000,,,1y
93927,"VI004 - Patients, aged 80, who received a shingles vaccine between the ages of 70 and 79 yrs",E92000001,England,E38000205,NHS Wigan Borough CCG,CCGs (2021/22),Persons,80 yrs,,,2021/22,54.4681,52.3395,56.5804,51.1092,57.7868,1152,2115,Aggregated from all known lower geography values,Cannot be calculated,Similar,,20210000,,,1y
93927,"VI004 - Patients, aged 80, who received a shingles vaccine between the ages of 70 and 79 yrs",E92000001,England,E38000200,NHS West Lancashire CCG,CCGs (2021/22),Persons,80 yrs,,,2021/22,54.459,51.0805,57.7969,49.1318,59.686,458,841,Aggregated from all known lower geography values,Cannot be calculated,Similar,,20210000,,,1y
93927,"VI004 - Patients, aged 80, who received a shingles vaccine between the ages of 70 and 79 yrs",E92000001,England,E38000044,NHS Doncaster CCG,CCGs (2021/22),Persons,80 yrs,,,2021/22,54.0451,51.7475,56.3257,50.4205,57.6275,982,1817,Aggregated from all known lower geography values,Cannot be calculated,Similar,,20210000,,,1y
93927,"VI004 - Patients, aged 80, who received a shingles vaccine between the ages of 70 and 79 yrs",E92000001,England,E38000119,NHS North East Lincolnshire CCG,CCGs (2021/22),Persons,80 yrs,,,2021/22,53.9063,50.8442,56.9391,49.0786,58.6617,552,1024,Aggregated from all known lower geography values,Cannot be calculated,Similar,,20210000,,,1y
93927,"VI004 - Patients, aged 80, who received a shingles vaccine between the ages of 70 and 79 yrs",E92000001,England,E38000190,NHS Wakefield CCG,CCGs (2021/22),Persons,80 yrs,,,2021/22,53.8307,51.639,56.0078,50.3733,57.2518,1075,1997,Aggregated from all known lower geography values,Cannot be calculated,Similar,,20210000,,,1y
93927,"VI004 - Patients, aged 80, who received a shingles vaccine between the ages of 70 and 79 yrs",E92000001,England,E38000187,NHS Trafford CCG,CCGs (2021/22),Persons,80 yrs,,,2021/22,53.7022,50.9073,56.4741,49.2952,58.0521,660,1229,Aggregated from all known lower geography values,Cannot be calculated,Similar,,20210000,,,1y
93927,"VI004 - Patients, aged 80, who received a shingles vaccine between the ages of 70 and 79 yrs",E92000001,England,E38000050,NHS East Lancashire CCG,CCGs (2021/22),Persons,80 yrs,,,2021/22,53.6632,51.5267,55.7863,50.2931,57.0001,1128,2102,Aggregated from all known lower geography values,Cannot be calculated,Similar,,20210000,,,1y
93927,"VI004 - Patients, aged 80, who received a shingles vaccine between the ages of 70 and 79 yrs",E92000001,England,E38000176,NHS Sunderland CCG,CCGs (2021/22),Persons,80 yrs,,,2021/22,53.0429,50.5627,55.5082,49.1328,56.9161,828,1561,Aggregated from all known lower geography values,Cannot be calculated,Similar,,20210000,,,1y
93927,"VI004 - Patients, aged 80, who received a shingles vaccine between the ages of 70 and 79 yrs",E92000001,England,E38000030,NHS Castle Point And Rochford CCG,CCGs (2021/22),Persons,80 yrs,,,2021/22,52.7104,50.0932,55.3128,48.5855,56.7986,739,1402,Aggregated from all known lower geography values,Cannot be calculated,Similar,,20210000,,,1y
93927,"VI004 - Patients, aged 80, who received a shingles vaccine between the ages of 70 and 79 yrs",E92000001,England,E38000215,NHS North Cumbria CCG,CCGs (2021/22),Persons,80 yrs,,,2021/22,52.5075,50.4787,54.5281,49.3089,55.6857,1225,2333,Aggregated from all known lower geography values,Cannot be calculated,Lower,,20210000,,,1y
93927,"VI004 - Patients, aged 80, who received a shingles vaccine between the ages of 70 and 79 yrs",E92000001,England,E38000143,NHS Salford CCG,CCGs (2021/22),Persons,80 yrs,,,2021/22,52.2321,49.3042,55.1449,47.6205,56.8061,585,1120,Aggregated from all known lower geography values,Cannot be calculated,Similar,,20210000,,,1y
93927,"VI004 - Patients, aged 80, who received a shingles vaccine between the ages of 70 and 79 yrs",E92000001,England,E38000014,NHS Blackburn With Darwen CCG,CCGs (2021/22),Persons,80 yrs,,,2021/22,52.0776,48.4322,55.7009,46.3426,57.7582,376,722,Aggregated from all known lower geography values,Cannot be calculated,Similar,,20210000,,,1y
93927,"VI004 - Patients, aged 80, who received a shingles vaccine between the ages of 70 and 79 yrs",E92000001,England,E38000255,NHS North East London CCG,CCGs (2021/22),Persons,80 yrs,,,2021/22,51.946,50.6397,53.2496,49.8862,53.9992,2923,5627,Aggregated from all known lower geography values,Cannot be calculated,Lower,,20210000,,,1y
93927,"VI004 - Patients, aged 80, who received a shingles vaccine between the ages of 70 and 79 yrs",E92000001,England,E38000146,NHS Sheffield CCG,CCGs (2021/22),Persons,80 yrs,,,2021/22,51.8858,50.0794,53.6873,49.0382,54.7213,1527,2943,Aggregated from all known lower geography values,Cannot be calculated,Lower,,20210000,,,1y
93927,"VI004 - Patients, aged 80, who received a shingles vaccine between the ages of 70 and 79 yrs",E92000001,England,E38000016,NHS Bolton CCG,CCGs (2021/22),Persons,80 yrs,,,2021/22,51.7776,49.2863,54.2601,47.8529,55.6806,801,1547,Aggregated from all known lower geography values,Cannot be calculated,Lower,,20210000,,,1y
93927,"VI004 - Patients, aged 80, who received a shingles vaccine between the ages of 70 and 79 yrs",E92000001,England,E38000021,NHS Brighton And Hove CCG,CCGs (2021/22),Persons,80 yrs,,,2021/22,51.6696,48.7655,54.5625,47.0971,56.2143,588,1138,Aggregated from all known lower geography values,Cannot be calculated,Lower,,20210000,,,1y
93927,"VI004 - Patients, aged 80, who received a shingles vaccine between the ages of 70 and 79 yrs",E92000001,England,E38000091,NHS Knowsley CCG,CCGs (2021/22),Persons,80 yrs,,,2021/22,51.6043,48.0239,55.1683,45.9731,57.195,386,748,Aggregated from all known lower geography values,Cannot be calculated,Similar,,20210000,,,1y
93927,"VI004 - Patients, aged 80, who received a shingles vaccine between the ages of 70 and 79 yrs",E92000001,England,E38000172,NHS St Helens CCG,CCGs (2021/22),Persons,80 yrs,,,2021/22,51.466,48.7447,54.1787,47.1809,55.7298,667,1296,Aggregated from all known lower geography values,Cannot be calculated,Lower,,20210000,,,1y
93927,"VI004 - Patients, aged 80, who received a shingles vaccine between the ages of 70 and 79 yrs",E92000001,England,E38000220,NHS Birmingham and Solihull CCG,CCGs (2021/22),Persons,80 yrs,,,2021/22,51.435,50.1503,52.7177,49.4096,53.4556,2993,5819,Aggregated from all known lower geography values,Cannot be calculated,Lower,,20210000,,,1y
93927,"VI004 - Patients, aged 80, who received a shingles vaccine between the ages of 70 and 79 yrs",E92000001,England,E38000182,NHS Tameside And Glossop CCG,CCGs (2021/22),Persons,80 yrs,,,2021/22,51.4176,48.7058,54.1212,47.1474,55.6672,671,1305,Aggregated from all known lower geography values,Cannot be calculated,Lower,,20210000,,,1y
93927,"VI004 - Patients, aged 80, who received a shingles vaccine between the ages of 70 and 79 yrs",E92000001,England,E38000194,NHS Warrington CCG,CCGs (2021/22),Persons,80 yrs,,,2021/22,51.1244,48.4426,53.7998,46.9021,55.3307,682,1334,Aggregated from all known lower geography values,Cannot be calculated,Lower,,20210000,,,1y
93927,"VI004 - Patients, aged 80, who received a shingles vaccine between the ages of 70 and 79 yrs",E92000001,England,E38000240,NHS North Central London CCG,CCGs (2021/22),Persons,80 yrs,,,2021/22,50.907,49.56,52.2528,48.7837,53.0271,2694,5292,Aggregated from all known lower geography values,Cannot be calculated,Lower,,20210000,,,1y
93927,"VI004 - Patients, aged 80, who received a shingles vaccine between the ages of 70 and 79 yrs",E92000001,England,E38000028,NHS Cannock Chase CCG,CCGs (2021/22),Persons,80 yrs,,,2021/22,50.3191,47.1281,53.5076,45.3018,55.33,473,940,Aggregated from all known lower geography values,Cannot be calculated,Lower,,20210000,,,1y
93927,"VI004 - Patients, aged 80, who received a shingles vaccine between the ages of 70 and 79 yrs",E92000001,England,E38000068,NHS Halton CCG,CCGs (2021/22),Persons,80 yrs,,,2021/22,49.7143,46.022,53.4096,43.9177,55.5186,348,700,Aggregated from all known lower geography values,Cannot be calculated,Lower,,20210000,,,1y
93927,"VI004 - Patients, aged 80, who received a shingles vaccine between the ages of 70 and 79 yrs",E92000001,England,E38000141,NHS Rotherham CCG,CCGs (2021/22),Persons,80 yrs,,,2021/22,49.0704,46.5511,51.5944,45.108,53.0445,739,1506,Aggregated from all known lower geography values,Cannot be calculated,Lower,,20210000,,,1y
93927,"VI004 - Patients, aged 80, who received a shingles vaccine between the ages of 70 and 79 yrs",E92000001,England,E38000122,NHS North Lincolnshire CCG,CCGs (2021/22),Persons,80 yrs,,,2021/22,48.8275,46.0005,51.662,44.3842,53.2893,583,1194,Aggregated from all known lower geography values,Cannot be calculated,Lower,,20210000,,,1y
93927,"VI004 - Patients, aged 80, who received a shingles vaccine between the ages of 70 and 79 yrs",E92000001,England,E38000226,NHS Fylde & Wyre CCG,CCGs (2021/22),Persons,80 yrs,,,2021/22,48.7243,46.2865,51.1683,44.8901,52.5736,783,1607,Aggregated from all known lower geography values,Cannot be calculated,Lower,,20210000,,,1y
93927,"VI004 - Patients, aged 80, who received a shingles vaccine between the ages of 70 and 79 yrs",E92000001,England,E38000106,NHS Mid Essex CCG,CCGs (2021/22),Persons,80 yrs,,,2021/22,48.2135,46.2101,50.2227,45.0612,51.3802,1147,2379,Aggregated from all known lower geography values,Cannot be calculated,Lower,,20210000,,,1y
93927,"VI004 - Patients, aged 80, who received a shingles vaccine between the ages of 70 and 79 yrs",E92000001,England,E38000015,NHS Blackpool CCG,CCGs (2021/22),Persons,80 yrs,,,2021/22,48.0401,45.0956,50.9983,43.4157,52.6984,527,1097,Aggregated from all known lower geography values,Cannot be calculated,Lower,,20210000,,,1y
93927,"VI004 - Patients, aged 80, who received a shingles vaccine between the ages of 70 and 79 yrs",E92000001,England,E38000242,NHS Northamptonshire CCG,CCGs (2021/22),Persons,80 yrs,,,2021/22,48.0183,46.4602,49.5803,45.5652,50.481,1890,3936,Aggregated from all known lower geography values,Cannot be calculated,Lower,,20210000,,,1y
93927,"VI004 - Patients, aged 80, who received a shingles vaccine between the ages of 70 and 79 yrs",E92000001,England,E38000250,NHS Black Country and West Birmingham CCG,CCGs (2021/22),Persons,80 yrs,,,2021/22,47.7509,46.6146,48.8896,45.961,49.5466,3535,7403,Aggregated from all known lower geography values,Cannot be calculated,Lower,,20210000,,,1y
93927,"VI004 - Patients, aged 80, who received a shingles vaccine between the ages of 70 and 79 yrs",E92000001,England,E38000101,NHS Liverpool CCG,CCGs (2021/22),Persons,80 yrs,,,2021/22,47.6782,45.5851,49.7794,44.386,50.9906,1037,2175,Aggregated from all known lower geography values,Cannot be calculated,Lower,,20210000,,,1y
93927,"VI004 - Patients, aged 80, who received a shingles vaccine between the ages of 70 and 79 yrs",E92000001,England,E38000135,NHS Oldham CCG,CCGs (2021/22),Persons,80 yrs,,,2021/22,47.2962,44.5288,50.0803,42.9504,51.6833,586,1239,Aggregated from all known lower geography values,Cannot be calculated,Lower,,20210000,,,1y
93927,"VI004 - Patients, aged 80, who received a shingles vaccine between the ages of 70 and 79 yrs",E92000001,England,E38000097,NHS Leicester City CCG,CCGs (2021/22),Persons,80 yrs,,,2021/22,47.2684,44.5275,50.0259,42.964,51.6138,597,1263,Aggregated from all known lower geography values,Cannot be calculated,Lower,,20210000,,,1y
93927,"VI004 - Patients, aged 80, who received a shingles vaccine between the ages of 70 and 79 yrs",E92000001,England,E38000244,NHS South East London CCG,CCGs (2021/22),Persons,80 yrs,,,2021/22,45.9459,44.7314,47.1653,44.034,47.8699,2958,6438,Aggregated from all known lower geography values,Cannot be calculated,Lower,,20210000,,,1y
93927,"VI004 - Patients, aged 80, who received a shingles vaccine between the ages of 70 and 79 yrs",E92000001,England,E38000168,NHS Southend CCG,CCGs (2021/22),Persons,80 yrs,,,2021/22,45.7498,42.7531,48.7775,41.0517,50.5247,479,1047,Aggregated from all known lower geography values,Cannot be calculated,Lower,,20210000,,,1y
93927,"VI004 - Patients, aged 80, who received a shingles vaccine between the ages of 70 and 79 yrs",E92000001,England,E38000173,NHS Stafford And Surrounds CCG,CCGs (2021/22),Persons,80 yrs,,,2021/22,45.0348,42.1781,47.9247,40.5566,49.595,517,1148,Aggregated from all known lower geography values,Cannot be calculated,Lower,,20210000,,,1y
93927,"VI004 - Patients, aged 80, who received a shingles vaccine between the ages of 70 and 79 yrs",E92000001,England,E38000161,NHS South Sefton CCG,CCGs (2021/22),Persons,80 yrs,,,2021/22,44.8164,41.6413,48.0343,39.8447,49.894,415,926,Aggregated from all known lower geography values,Cannot be calculated,Lower,,20210000,,,1y
93927,"VI004 - Patients, aged 80, who received a shingles vaccine between the ages of 70 and 79 yrs",E92000001,England,E38000217,NHS Manchester CCG,CCGs (2021/22),Persons,80 yrs,,,2021/22,43.0904,40.7647,45.4469,39.4435,46.8138,739,1715,Aggregated from all known lower geography values,Cannot be calculated,Lower,,20210000,,,1y
93927,"VI004 - Patients, aged 80, who received a shingles vaccine between the ages of 70 and 79 yrs",E92000001,England,E38000024,NHS Bury CCG,CCGs (2021/22),Persons,80 yrs,,,2021/22,37.6404,34.784,40.5855,33.1878,42.3122,402,1068,Aggregated from all known lower geography values,Cannot be calculated,Lower,,20210000,,,1y